label,photo_id,business_id,caption
food,39bz1HyQ9AQ987CyxYEQXw,I6EDDi4-Eq_XlFghcDCUhw,Large stone crab + oysters
food,GlethY_U9TAIAjCj00tYLg,mkceCArNe87jwSdLfsslXg,Winterlicious 2018 Lunch Appetizer - Pork & Cherry Terrine
food,bW-g8yhHNFKd3Ojlx58nyw,BY7KbGp2dPDiw-9TjF0Zyw,Beautiful texture and hold up pretty good in this 100 degree weather!!!
food,PdO8jDWwyW6H0spdB854Ww,YBUfsCOJ_CS2ww4DErHUEA,
food,7aY-nnCx1c3VwBfHziOU-g,n28_5ElTCVkhP-9BTgQGgg,
food,PhVScUlLNsxgTtEHNdUp5Q,FThzT9bwBTuLC1oveGVjhw,
inside,yt7O8pLFlWU2b7M4IJiFjQ,qs2v_NMD3_m8KFN0Kt9BLQ,
food,3AGSMFoEy2dBWj7yX2sABQ,qVri-kxCnhQjXuU4cmhANA,Beach Bunny Pizza
food,MGyG1nVPkJIk3EiAmo2Uaw,QTkI3UFW0rXvOnrU9k9HQw,
drink,YQRXjLcwOMXn2gyFscjMaw,FAiZp6pLY5l9JITMQPASbg,Pink Dragon
food,UiTAxE4aUDSbZOv5fAUY_A,i2hPnUeiCzDyyyzLtIWqgw,Chicken Avocado Overstuffed Quesadilla
food,bWePWH-geU8rolXNJHqZ8g,-Mz3M0g6iFZczs6a7ddf5g,photo: www.mbstudio.info
inside,-5I1HW_AFTyHGYmN3ARO6A,RwMLuOkImBIqqYj4SSKSPg,Lots of people all the time
drink,oJ1PiepcLUn08Hgj8N5FWg,oZHbPhIj01_31jqD053a_Q,
food,R3CAMc8_SnYsSsUeMcAizw,N0apJkxIem2E8irTBRKnHw,Calamari. Not good :(
inside,cis3hPh68iq7GlUkZ0zSuw,Et3fglCA16HU1G5ZG4zm7A,Chef's Table !
food,IxN31fGCvcRPxcWa2NLb9w,DlPdPKci3UTKsFILr6nuCg,
inside,uj5ffBaNO6zxl8C69-y29g,3OknFx5ox_1O9nmP5DSFBA,I find this place quite comfy.
food,r21dL6GCkUaklbQ4afN4qA,KXITXbKuE60WSUDs7NZVLQ,Creole Duck Breast
food,KmOawS1Gc5kLL73Pouz5yA,vOyZkFAknjVg-Fwye3TKaQ,
food,kdUxuOdLRNv4gXjM_oGqaA,8aykSzSqGPYUpMQbO2DPdA,Steamed dumplings
food,jHNwxxwEOvHZ9-FmbQWOnA,mnn--vaYHtNyBNYFYBFIog,Delicious striped seabass in a swoosh of celeriac root purée with roasted potato.
inside,uPPi6ChaOmPDDQqmw9UjMw,6W3hdaCjx_n1kADEuORduA,:)
food,aKa-TT3HPXuBpHbUgWx3tg,9_onoqwv9ZdItxc8OlUKAg,
food,XOYFi3quIszEL98YDTPZTg,1DjtSWDLN16UTffEEu9V8A,
inside,iqewV_SB7l2VuO-kcHl6GA,jo4KmAqlZ7vxjHIP7IIkAw,
food,SGvG30k57pNi0PCDJa8F5g,a4L-Fy0agN3RNM7O49bIHA,36 Hour Beef Short Rib
food,85wLgYsPEeLmfsRUkChVSQ,Ro-_PAzq-Rdxl5JhM3WmoA,
inside,YDR4MECjS2rrCPvGWqvxcA,_3_idm-J-NLqeaFlvcN6Pg,
food,bpCTqMIZjTxmSiRkH-nKiA,BUcTdN-rNE8urCCQuxSOQA,Left is pork xiao long bao (B9) and right is steamed beef and chives dumplings (B5).
food,R-EzC2J8thDQHCjQItbRDw,ni4ppUp4oHq-OSSCgUIGiA,
food,OycYJXn77Yn-CtOD74wQ_Q,KNupdlWcv6_gqciRmjhMCA,
inside,IjiH-h6Bc_grAat-zISQLg,l8ewXyH88N5Y_BOPXKAQZw,Expansion Area
food,OHBwCTorFLgURN1bA3QqUg,XRT9dhzPS1n9iqmb_8eJjw,
food,z298tiEPAOiFmbgjvljvPg,R_z9LFtqbBB9pANO530w9w,Fruity Pebbles churro
food,G8cS4aJw9GFUi77L0HOxJA,aqmITEqECSM9eqDIfU1CfA,
food,f1-0o6hXZGailtyFYQIETw,3BMX78rBdWv6U-RkRdY6QQ,
food,mRacM3lumKImyesaXHbUrQ,7ADjU1ZmRfUeMebjbYU3kw,Godiva Chocolate Brownie Sundae
outside,PWSDbEBBIHswQL1GJtVkFw,8Zqh2jwtncA3N4fWEMTvZQ,
food,3kjJkWsbFijDR8MCLxzXdA,jBz_VwcQR3hWw5-DG1wurQ,Want something to take on the run? Our sandwiches are made daily!
food,wkEwBz8e4HWwjKq8-xC24w,oxb73l504iA68bWdHqymHQ,Original Grand Slam®
inside,Id2ELhOKHKMX0Uw_OckM8w,dCUuzw3R2rPqKyN2Zl9zRw,
inside,eLvYNAVAtzGagWhqn5TYzw,LIxNfkk9vgPikLh1W-5f8w,
food,bJT2Uv_LuM_2cc1rjyvBeQ,rRUMh9qvfW8wA6NUd5Yf8w,Pancit palabok
food,RB2g4mNGBj6RUOiFAMoiag,E_4qAaFMthmlF4hjLjtolg,Mixed Grill Seafood 28.95. For Two 49.95.
food,y-XqGvTCxPMIxqN257FTzQ,jxaF8MS1rrHEXfw-IyV5Fw,
outside,ZIXqqY_lnwW5gzzLzZelFg,Dxaz8OxaadecnWol18kAtw,View from patio at sunset
outside,vWktGbxUFpTbcrx01rB6jQ,ozEDKl0tZw5ob1evx41gcQ,
food,cEESjYQ16anrWXHxzDKhXQ,lNRBjtQqvOIGuFsxm_z9og,
drink,EFj4VYWUE1PnmKYk6srUAA,PkqN5st3zZ_Xce_5QlBtNQ,Coffee milk
food,Xc6TB0OcqqMGVVt7wmcg7A,TH8QoP2xFRtuxP1kR08b1w,
outside,gnMl0RpP6oeT4C1rwaFohA,_k-pqsaVgvCfeMJ4AiMaZQ,Korean Food 101: Walking tour of a Korean supermarket
inside,nN0oUPXzsgXgi57V9jTauQ,gKXsFVhWyK7MLQhSKG5_mA,
food,jxmf2wyaINTDW5ehlMrmBw,vyeQzjZFx6KoL2pJBQ2QFA,Edamame
outside,Ydl2zjoNWYNGk_Tn70LQbA,Wg9zybwt7iZZ9HQWknCghQ,
food,pG9j2kcGwOWCESwahQcqPg,mniDh2RoXlN9l0g-B6-W-g,
inside,-ZMDHxVrrQN_0Rdv127RdQ,8I2XBrjf4rOEWx7pnKpVeg,
inside,NxBGzeu1rEnvKkaPueeMHA,ZU3ZU_wGF2S4CKavMEtI_w,
outside,gtgiNQ_nyLuaif29feA7Sg,vIr0LbBNDTB0HV0DZrnk6A,Cocktail Waitress at Lily
food,eP-bcJCTsueuObRHJsP1qw,SDtIdchX9WpKlH5Yst8kjQ,The beef plate. $8.95
food,NIkD_3R7Bn9hy4ysRMmdSA,ePVVYZlBCOyPqK_XYnfJWg,Beef Barbacoa Burrito Ð Limited Time Only
inside,60Arb0GEAYwB-gK2xZ67Aw,4Pl-ziYL2oerGyIPlwVdmA,How spicy do you like???
drink,Lu8jHA6OgjjABjFwH3olTA,7y8wJmvouRJSXgpUw94wYA,
food,aL1c8r4LZl92RLyxfEqPvA,1xgJ9E_s_8n9fgw3HQbbug,mango cheesecake and what I am calling the chocolate raspberry sorbet!
food,dYAUXEajwuMleJhIUZGBWA,XnJeadLrlj9AZB8qSdIR2Q,
outside,SraKSREpIb9NCoV3ew8nUw,mG71gQ5HWl7ut9OCN6NJKA,
inside,SdjYLe-cQkuOjnQp3aRMYQ,G-5kEa6E6PD5fkBRuA7k9Q,Inside the dining room.
inside,KhOsIhGcG5CsBgtAf_CBlg,6z3cgIE9dJ01wUm43f0yBQ,
food,TyiJIDhTe5LzDzGDyQ06Bg,1gL9mw6HRbetCb9vOBoPQw,
inside,zYNE4VEyRvhJ23n9o344cA,TVtnQyn3ka60r2t9xRwKPQ,
food,xLo4G5wB1lYf2aLgtjUkwQ,a6SqJZTFMpSOR6Qb0STyFA,Penne Alla Vodka
inside,CdAXs-e1KwNOzVQ4rDtjoA,G-5kEa6E6PD5fkBRuA7k9Q,"Inside Giada's. Beautiful restaurant, great views, mediocre food."
food,YEAVt3OOfSpNGsV8PmQi8g,HgZWAW4O_itNxtexankANg,Kids Hot Dog
outside,UHOQW6VdJ1nQuAMLqU6JxQ,e7bcP2P8WO0NFe1DjjoYQA,
food,BpctgbgNdTGU3fCtOcdZMQ,qfoj3E_1vf5CKwdpcJBjPA,
food,D84MtnzvndQvqlUeKqNR8A,DIB8aZ0EVaPnbpU27-lEsA,Greek Salad
food,-smh7AV8-t9aRjru4rmQtA,Xxz0qN2tdBaqMT7WVdg4yQ,Zesty Nachos
inside,PF1Hr2bKqEr611mrFkxZSg,93ZBgqaD7Vup4K9edAQ9pw,
inside,_PbJz8-ZQOfuw_QSVBSRqw,KGB3aU5Q_xIDpvcHNq32wQ,4
food,Qk-WDiv1iHl9bUjh89AtQA,KEyjG-6G4Dbo3p1Wmnxs4Q,
food,0P8oIq7N-GCiElbMNvLduw,MW6hyPt6Xz6cIVyp_r1yLg,
food,Xw2pZq-7JXiYpvJNwthhZA,f1MBECpqcyvR6sMARKrr_w,"Lobster, Ribeye, Sea Bass IG: @culturegrub702"
drink,hXCukkeKVjl187JSPjp_Yg,yLnpDARXjqc1Iaom-Pcf7g,
food,7wMbO3fyABP6pGppw3FakQ,e1i5mbYpFV8rQtfqtVwq3w,
food,M21vsLD4RpfI6WtqpzNLCw,8z5yR4GrOmdhy9RvNt_Djg,BBQ Rib - cilantro dough w/ Mom's BBQ beef filling
food,GQVkwM7R3IzBcN1XS10HCA,wxL9wgxLeuMMfI6SAXIzJw,Lobster Mac and cheese
food,HXwyl5O90_kNtrCbW7aZGw,dqGR-R3_40MoTxGpeZovSA,Connecticut lobster roll ($17)
inside,7xvMck3B9zXZjzkj9qWfWA,RmgdyhVjHGnQxX0bjr9XVA,
food,5Ohxt40KZyv4C_JiepTBrA,8tMy7yEeNVYylVVFRlPmdQ,so yummy
inside,UKwvs2--l7U66f6vL0CqPQ,V9NPNXW4n76qlM2QdnX7hg,
food,8K3FMiyoGGC5d5t1RTA9lg,99_GlxFriPT_DzoVFGu7EA,
food,yZREkvXhDhDAVNhP0W84_w,9i7Gz3xaa-gwh1Fi3q1_kA,gnocchi side
food,rasciCzU8ND-RQA-UQkJRw,n3cFalLLuMyAy3Oe2dcwQw,
inside,feBHATKJsMH64tDfVY9-2Q,w8Eq5R1T-5ZdfhE3MvGGeg,
inside,HIyxRo1I6XtuK9g2OJVADg,6ksBg7LoD06ctMU3OfNFUQ,High chair
food,ho7Lky8Wza5kNytSXcLUeA,orjSfu6Gcv2SQlXVsXdVBg,Hurache
food,Gk05-L1sTjmQUqHZqMMsBw,B9HEaOiIBYduurc0AeCadg,
food,2ROgobbN0594Dcd6IL-efg,mnn--vaYHtNyBNYFYBFIog,"Suckling pig, milk foam"
inside,nU3OCtYrxQOoNQjPyKSrFA,efAhdUR2MXCgLWNA7KtQ1Q,
food,Uvs_c6F9agz9gQSmxegFnw,_rgsXTR4PehGyLg_8tPD0Q,
food,xPaE6-q1cPRzPCyml2rQVg,8D0riP6OYLoQ_pPE7Q2MNQ,
outside,k2Sfe9xQ7xjBSa-7swk3Uw,XnJeadLrlj9AZB8qSdIR2Q,terrace
outside,M3upjVLRsBgYlyVY7eB_xQ,7xg1Uf9v57CWOPDjpb5Xzw,
inside,_pGmKaSV7KnxN7ZFJzz6Dg,iIwKW2cBAxjElE8eUzjwqA,
inside,NEiwrJSES_TFwS0UlP45bQ,z8HtGSCKh8bLHNvL8Mo8AA,
food,owo7tkiR4r7jV_Nprh7S-w,NLEe-RzDSU-5BN6xp_WWCw,Corn Cakes - complimentary
food,GMXPFwGXZh4x88GQqhGMvg,VGRn5KgYKMkqdIKtBUzQQA,
food,Bp0earm421ACQFFYnr6idg,XmxRXzCFkzQK23kkHgUgLA,
food,KjISZwq2SBM-EGskQm8zzw,YTCCJ3ShO-zg0dlx1nk6dw,Yellowtail Kama
inside,F9AdmPSMemujnOAUnnkOFQ,bz69msmKwRjWQzN-XwyV6Q,
outside,Q0CKQZ6r-j_atp6NXJIVhg,FhgAHo-8--equM8w5UZ41Q,"Very nourishing and delicious,  thai bowl and pit caribou beer."
inside,-11us-vSAGT7ENqXaPqO0Q,pwdZMC9Q2QH2uNbUj3NDeA,
food,dGZUOmeQNH-oXMJISu7TkQ,BNzcfz3jmBo_1wUB5YIsXg,
food,gPLdajmVnkWcrQo4rhGk8A,GPGgN0_7xFdB6gqwaMabOA,
food,nHdwv7oAVykMWaRefVfBFg,hCsJv234v62MgdsUU1j8dQ,King crab legs...yummy!
inside,l9tOgcsGcUCP5KBNGJtjtQ,fqMAnoS2sTokz6lqBSmoCw,Amelia!  Best bartender ever!
food,lPuYYQeh2zQKkejW47BGJA,mOF_0nlTRu5NxOu6MsOAQQ,
inside,GCm0MHdoTc4cvo2IiCGxKQ,vNNWCCLocoJIQ5XwuG4mLg,
inside,W3lA8Y3qVhvf4m8R-AC5zw,Uxm9N6jwmJybOv1NcBbnRw,Quail egg!
food,8Bmd2rxvDh1wQsPvEUIMAg,u4sTiCzVeIHZY8OlaL346Q,Awesome food from gaucho as always!
food,b_G0FQTpcooAqSK7XKdsLg,rvucQ2Z6Z5p4kH3-J-i9UQ,Cali Club Sandwich
food,wDOl6oR0xPASmuRcrknBZw,mUVAMNN7BCQ9HGA9w_7C1g,
outside,y4mSzhlbt5XblmIqTs0-hA,zf1h0aVL8-Jl91F-mDxZEg,
food,fCRs-Qev5i5W_GuZN5aiow,j4yy849UTOiLe7VVnBCwnQ,
food,Eqwm-WBYwEqaYxHuujVoug,9P23-V64kYz3trn9ecaJJA,Itoyori Snapper w/ Truffle Oil!
outside,X5djKuAX8iE3VouAXl4hzA,l9INRS0lTSje9KFzimLePw,
food,nYlnQ0hDqTK2OP9cxxSPSA,gwlgv3yZ_B0Mk9aLcwTpSw,
food,l2XhS9Gscmuvybw0YxUdGg,_AKdBFzkl7GY-daxUCCbVA,Singapore Black Pepper Chicken
food,yprditydGu6czsDDpK5QWg,47lZIUShHGesiZypN6y7Bw,McDonald's Big Mac® Extra Value Meal
inside,aVy-lnL3BcxBzJmWDgFoEQ,1WD2WT0klJT7t-zL5ZmfUw,
food,6EUlF7cRx60zAg1Ps8soKQ,NtIUfE8Yj119F3DSPXYs5A,Ribs. Coleslaw was nasty af
inside,aAUt5jXHsjpM7L3eBRzqXQ,VD0zZKG_ZEz_VYlKLtu9Zg,Rib eye. Paper cups with lids for kid friendly dining.
drink,M-8fJfp26f9eUnDl4PKxOA,fNc1WuGwiT7RhqXUIe4S8A,
inside,lzER5kQczrtxY3Au1dzoIg,cYwJA2A6I12KNkm2rtXd5g,
food,ZFerTjDgSHR5JhQ4NnG8cg,FTspPrLTqUnkkEBked_syg,25 Wing Sampler
food,kjJC0b8MMMwmd8nEIx0QNw,I4Nr-MVc26qWr08-S3Q1ow,Corned beef on Focaccia
inside,yLMUzwNPFnj2fLISBZr89g,MQsccAhTxdd2Y5JBKjrT9w,Big screen TV's...
food,bRHY80OHhmobT_GdnTAU-g,f_eiOrEcMnkHB7GvQVOHkQ,My Burger and Fries
food,-oX26-qZZkGZO5LhDX_Q-g,vLkKorA1gPS97Zj0_WKA0Q,
food,2KPFjqOc9xFBay_jy9kc2g,RAh9WCQAuocM7hYM5_6tnw,
inside,vI49a70dATP63tQK9cYE3Q,98V9R-7YT20KmcmJyMiJmg,
food,8sJmdr0i0EcRnaiFSSLcRg,nxz2oOD3sryU5evFAYmmLQ,
outside,k_mlNzvUPxqDV6_39HihqA,kE7uP-sybELPfvsEZRzwqg,
food,v3h83PH2U9FkBYROsPrTbA,zaczw0lMSefftLJZTnPFtQ,"They didn't give me the side of sauce, or put sauce on my hot and spicy. They also did NOT put a beef patty on my cheeseburger."
food,XFsXCbK5q3ks0n7B8grI8A,JzB7NITHQ7gVHGVZ1ntgIQ,
food,DN9T8FLkqWO-qIEBNB3biA,NuIeYLuizjkzQz-33s0Jgg,
food,Qg7s3dXcNkfg2TQThZ7Ghw,nrq5H3LZicjMG0wv7gy08g,Butarosu
food,h8KnOBjolCHxcpIG1jfPRQ,cjZfgcQwA6KmQ_ANWKN2aw,
outside,1_rXWf4eqzqb49tMlCXOhA,0W4lkclzZThpx3V65bVgig,Line looks long but only waited 15 min!
inside,hDDhElAtPm_Y5u8qYfNswA,BuHbMNbCQzzYi-3Y5w1c4Q,Busy busy during soft opening!
food,5kKiTGkODxCK0KoJX12xBQ,POJL-N7Smw1UZMP_xldFwg,Panna Cotta
food,PpQHefq8EHe4MAcfxB8ekw,RI09fylw-_70RN6190LikA,
drink,YAhs93wN4D7jcSwza4lX2g,WKOUTdVJS58E178JjhwidQ,
drink,_gMNX_yGp5ORb5A8oQwEQg,WKOUTdVJS58E178JjhwidQ,lattes are beautiful
food,vQNhhtQ6I2rtisufM5Lb2g,pDwKOuqjQ4gtoX-aaQPJ_g,
food,DHkfDWKOuh2Npr7ota0MrA,1gQrMs-I8oKg2p-iRxznzQ,Fried green tomatoes
food,NZSY6SkEH2W5ZBmFJOSVYg,K-uQkfSUTwu5LIwPB4b_vg,Caesar salad with shrimp
food,mKfv2e4sKZSS3MkCWA_btw,wkKlpSx3OcoGJiv7p8VZzw,"Hearth Baked Bread  Cultured Butter, Sea Salt @endoedibles on Instagram for more"
outside,twoNYeclt_0T9ajZleq5AQ,JXwyTKI7TlnleDhT3LRKKQ,Nothing like enjoying a great cigar and a good drink at the beautiful Rhumbar at the Mirage Resort!
drink,sudoKd4yY8i5yqaAMzXSYA,rcaPajgKOJC2vo_l3xa42A,Happy Hour! Acceptable selection of light dishes and unsurprisingly stellar wine list.
food,Vds_S7zMWZd8IQxF9SGabw,939j88ceB05Te3D7kQPwSA,2013 VWS Party
food,wEk5JCUgH4Rl0JgIArLHfw,v_yCY6NCwxCPIsNZR80UfQ,
inside,GhkuxF1VhlxUo5uzaYI9Ug,FJMMPL3pxAPYGEPB0Hwlhw,Chef's Table
inside,1CUpjIJOhm2K8_aJBVG7-g,wgXwKEK9MeJruxx7-w178Q,20 beers on tap featuring some of the best craft beers and old favorites!
food,Hpqp8d_Q-8_E3a9YumxAOg,0dEUND3rVLjp50rczLIaeA,
food,8rYvlqOL-x7_ovr674Fkaw,rO9X1ge-xQZInuy5HYIOIA,
food,4oYaED0shRBlSwtYNDoOkw,xM37qm9Wbc-hOAS7-Xse7g,Kobe beef
food,iN-M0e9cv1pldqyS1Rhw0g,2vQl7sm4oLWrAWtdoSMEaA,Warm Pretzel Buns with Guinness Cheese
food,NyyjseRkPBkUaeAnmY3iHw,mU3vlAVzTxgmZUu6F4XixA,
inside,haN0gZUrxf8RjFXfBXr2_w,UotZUkpcI0p2J8RUAD36Ng,Speakeasy Chic Dining Lounge
food,V-sUTtico6xfnbvQJto7Sw,7GfA5WMSRd-JCaPxnwgIQw,Broccoli Beef
inside,dXWf3su5MyOhWZx1fYMJvA,IoxLILBKAajE9kY5j8F72g,
food,cxmn3fMr7YEjV8mg1qmL6Q,CKoDbOpF_CSyy6_lttqjKg,
inside,x1p04nnM0l-innIXGbW0zQ,K7lWdNUhCbcnEvI0NhGewg,Yummy desserts
inside,-VhH6ylx7uuwEHstMPYXrQ,5DWBUWdr6UEtWfHeD7zIRw,
food,JrTjih_UYXt0YcdbJd9sSA,rcaPajgKOJC2vo_l3xa42A,Awesome brunch
inside,uK_P2z7EKm-9DtTEnVnOyg,AtUtG-oQp1rkk6ZdYcfSzw,
food,Jb4dEkXlHra8vdt9A3Y0mQ,PpreEj90GJUDm7LHI6kPOA,Beef Barbacoa Quesadilla Ð Limited Time Only
food,4bnbXWLNVeFqcT7CfyIzZg,dlNMXG9-BWsPGom0_lCCNQ,
food,GfOT_1wbo6vJQNZg23X7rg,oZHbPhIj01_31jqD053a_Q,
inside,xRbq0FuUdqDqoGrnvCiBVA,A5zTEcff9bMw9LhtIk8wCA,Inside ambience
food,4QufcgraNcqXnzQp4Yf7Eg,oqJe5o_4J0xkhvTSTP9UNQ,
food,Ajm0LSlH1mZPKO9yRZB6xA,2KadiQLTen9_mN_dXgKR5A,Salmon Pastrami
food,hvp8tyAAUxn6m_C9XTzgGA,XZ7eQLjyGXf6y69UT4SGhg,Lemon Tarts
inside,gx8YB81TfuU9kxFaPuH6MA,ePjHWTk1AzpYbuh4lFzhxg,
food,DXBxVOy6fXriLSrdbuz3YA,zY4P1gScsqbo-dd4WGxxtA,
food,ek7-BZtHOaCuknDhaV-N_g,e3PBfbtXUjMziX6XGsOMoA,
outside,HCoZF8tZLV8bazlv27LdDw,5YxLz0ZVjlosKtEBFqzVvQ,
outside,lXNkCSFW7agRQi27Uc8fUw,0_aeYE2-VbsZts_UpILgDw,Lazy Dog in Downtown Summerlin.
outside,WDFltghbU4TzoRbLujZstQ,wkKlpSx3OcoGJiv7p8VZzw,Exterior
food,TzrUqAW9Ahpnx8XhjXUJXg,mkceCArNe87jwSdLfsslXg,Oysters and Hamachi appetizers
inside,24e0EaXue2lkI8QJe5nmqg,Knnc473zh8m7IBC0oLTHkg,
outside,X273Cw6-dDmioHSLruiTJQ,ZXfMiPsPv-cH7GMQ-5-mhA,
inside,vMeFFAyOCzmY7oP0YPNMMw,d5n5CsoJNu-tKEbfI6U3tA,
food,5os-yJc6dxARkNTGwx0Q2A,nMaIIKEAW2cTEWbEyeFyXQ,
food,0eTy8kun_vpEnkRSRC3rGg,wLV7MpP_uDc2OuzFcU0ZZA,Sriracha Chicken Pasta
inside,7jBr0jLHHou4L6QQvK4vZg,85DKEmPCUrSEkwPAxIag1A,"Nice decoration, the place gets plenty of sun around brunch"
food,A7I9CsfyIZpchJSEAE4GpA,sqRX-XLlhx4rs2c1TpBf8A,Kobe beef outside skirt with garlic - phenomenal!
inside,xVlTzcE0NkLeNNe-x4Z6JQ,USleI8g1UVN9-9jm-b4uIg,
outside,58nBPdvMjT6Z3wqa4yB8ZA,pKiSzUlBBRNEdTML24piXA,Restaurant Front
inside,cxWThoCx6lZHbp5Q2KaaOw,RMHAxJpSwkNC2WIfMokgVQ,
food,D0r8JYDiLjtCEkl3Kx6_3A,sAXy1yJRLllTm5WrJbJGAA,
outside,ipmmhA-3RD6eGVCAaVogMA,fE9SP84G6TZrv36FLbCy7w,
inside,gdO2YaFT5E_7KS8WG7bvzA,6dk3H4X0ZztxbG3b5Yij4w,Water
food,rE6E932KtMFw_QWw4k-7tQ,dRyWHUijsNAcuhO6eyPUEQ,
inside,zqX6lbx4eG9q6AlgmvkCwQ,QOl8esnvNxwIVHd9hNtL_w,Wow
food,jkKysgXkNMiEXPWoNNjfVA,LrO_Xy6lfpbTgFoJcOjY4w,
drink,ByyuK-3RadMwAkol9bRySQ,gc_GGat7TgNCmrgc4nVOgw,"New York Harbor ($12): Knob Creek Rye Whiskey & Taylor Fladgate 10yr Tawny Port. This was quite strong, even 4 seasoned drinkers"
outside,faYRrPCQ0G1p-KvK7QE3hA,YM0N9957U2rFDsNYXUqE1g,
inside,fQA8NxJQxXdIIIRyJbNYsA,pCgDALtN-Di5e6qLZuHyaw,"w/ dignitaries during the 2018 Miss. Waterfront Festival media launch at Aielli on May 28, 2018."
food,QgDFTxx8jmCTRGVYI7I5hg,HX958eTFSmgbSpF0Lh-IUA,
food,xrpWD0nQQPbwix4qJS4auQ,1qYCUtw6_ehv7u_FxiE8IA,"Spicy, Broccoli and Ricotta Pizza"
food,ZiBXquhSlsTEpoXzq3MRDw,umXvdus9LbC6oxtLdXelFQ,Rikyu! If you love black sesame and red bean you will love this one
food,a6j8UtC_dYvwAHa9VWBKPw,i9D9xPBV0gR1Ja9kbY4NCw,Shrimp and grits / chicken and waffles
food,p2M-TjbysqADtWyGvyD6vw,0Hcks5q-DgJbDlmEWolx4A,Sera Scallops & Shrimp
food,aArEctMFGmXnxdj594-kBw,4Pn83EWDr16n6kU1O6u42g,
food,2LeSG78CpULv05OzXySu9A,cUpdeZJawIwOl6G21z7CzA,
inside,0ZFFYdHn0nvdN5GvbkLMVw,JPfi__QJAaRzmfh5aOyFEw,Look Clean.
inside,rd_64_fpDwngCjRaLtRZwA,So132GP_uy3XbGs0KNyzyw,Great atmosphere for group gathering... booze and food and games...good times to be outdoor. Like no other.
food,C7xVPMyIWLUz3HaHI196EA,qaNt4vtVdge_S68DVjw5Jg,Cheese and oat cake. Really isn't what I thought it would be. I feel sorry for British.
inside,_irVRrj9wwmi5j04X8MkKw,YJ8ljUhLsz6CtT_2ORNFmg,Just got to vegas and having a Guinness!! All is good!
food,XfNIP6LVOiEzjSpxpJtNLA,zr42_UsWfaIF-rcp37OpwA,
food,Ca5q3bHbq1SGiIW1tSvyoA,tXR5EE1q4JesG0XWawXWUw,Home fries
food,ssmXCwau3FEY1SUEXzt71w,8D0riP6OYLoQ_pPE7Q2MNQ,
food,E8ADvJMITsRLqnolU-GVpg,DKZN5IjHEE_BCDCRLxb7sQ,
food,aQWczJOjAKKFMI4cCR4kUQ,0_ETdGuqk5e2FKFYeYQJVQ,
inside,Bblz5jkk4ZgoOdW9713Fpg,EjBZKPyq_G9WMO01N8DnDw,
food,jHWmMVY7GkxJ1D4K_dV6yQ,82AEJCAi_-mzOcJmy_XTew,Fettuccini Alfredo
food,CBLPAapySHdKxDYFhvnksw,ZpMoI5EECS6Rm7KigN1gPg,"12/30/17 Australian Abalone and Yellow Fungus Soup  Yellow Wood Ear Mushrooms, Live Tank Abalone"
drink,UQZWnhh3UP7HuV7ZycqBrw,IoXcQkLpEaiv6S7ITelLWg,"Whisky haib?ru (Highball, served with sparkling spring water in a tall glass) is the most common way to imbibe Japanese whisky."
food,BzJFvw8xEHVpxMaQa29Pig,awI4hHMfa7H0Xf0-ChU5hg,
menu,v9ddzFxOv9Zeya9qamJw1A,NNHnU8NXDM9fVPm52Z6-JA,
food,KBM-Vtq_IJEq8bB-tbETEQ,Ih5Q1cNDLchhi1FqqTwrag,
food,hfmdOMofGLXUtxRjOAl8NQ,RtnTbhWYw4QjKhoTBV37OA,"Try our Boneless Wings in three different flavors buffalo, firecracker, and jerk."
inside,ekK41gSX2JOEdZh-wuU30Q,ZJ0gQp0fcnIDiZv0m9--Gg,05/12/18 Angara India Spice Grill
food,W3wUx_8iB0psQAKgJi2mPQ,jwoEWuiXruWHUSB8DeesKA,
inside,ZGeHuu5NIE_6lSQxJK-3LA,j8pUAS0qdEcPsjkqEDNbhw,
food,F1DCPILqmUO8qlwpGnFljg,f1KNYRXm8fxIjb6rVdyk7Q,Filet Mignon & Grilled Prawns
drink,N1Hi-WE6DvkK8PNZV8PFJw,wmCBxE0PfLZD8sxIwAY59Q,Hofbräuhaus-Pittsburgh
food,qbCGUE_Xh7F3ye0V4f4-Xg,68RCMLdDD1riqOgLJWZoaA,
inside,ncmWt7wD1-vIA73Z59IPPg,0-fJRl595ZfHFyLQ3cROUg,
food,Cp7sUi1Dw3Lr2oPTk20PDQ,zaczw0lMSefftLJZTnPFtQ,
food,wPXym0B7K6HL2R7-T-jNbA,2AMU5QFJOWjpHkpDKy3AJw,
drink,80P3qa1Q-FhLtns5Zw0gtw,37kk0IW6jL7ZlxZF6k2QBg,"Their logo has a mushroom, a pig and a chicken! They are a big fan of mushroom here at this restaurant. Nice logo right?"
inside,GtUy94YjPmWfhB1qFB9pPw,1DP5vHxJzCDbgawv0WC3yA,Dessert!!
inside,o52qZ797sRyesYMgOvDzBA,orrhJxM6V1USwccG7MlxmA,
food,FvafZ5DlswxU0w245XxOxg,ICdoTODBaprN0UReete9VQ,1 meat plate with brisket and sides of baked beans and creamed corn
food,33enDUjC2H8P1IFYvO02AA,YR5MtaOZHaArB6qTZkngQw,
food,lDUDTA1ubH-cQsLyRnph1g,R5ZvZ97FDp2bD93CNKg-zQ,
food,h3TOJn-DYeRegvRMWKzPiw,EZQESVzkOPs7LwCHVC3Szg,
food,NXLDYAOBdFIuRBByqURC0A,0a2O150ytxrDjDzXNfRWkA,
food,6lR6i0WIDEH2AZrpf9zYdw,XOSRcvtaKc_Q5H1SAzN20A,
food,1igSUdxWF8OBv0lXIgtqAw,QlJztL2aGEXgejgi5JM9Xg,
drink,kn8IwhHD2F-KY3LYeb96YQ,exysqt4RqxkF9I8Z2NEUsQ,Cucumber Mule
inside,2pm2C2woJrQbShZ80C8LKQ,gZ4VtOCDgK5jkPoE79RVEg,
drink,ahsZe7FkMVuMvA7QqmWb9w,0zoXYHq82haayMaV952jEQ,
food,VXT_sv81zdEfHZrPKeeabQ,Y_3wdqZUoi8qyW7ZugIQNw,
inside,T50qnSX1Kag6CM5mr7kWyQ,MZ4EEf4VtkeSJURIGgp2AQ,
food,cxxe6DZ5bzzD8INzgoRgKQ,fIcHJP6iJH15vIzV6JUROQ,
food,OFTSkcaZl0bNWHE-_65LXA,dEAk-gE-5Q95a7p91gNn8A,Vegas Freak (our fave cooked roll)
food,03_QCyuDqWx0ipPlpKyRFw,xmAakatNKpvIJ-Fmq5swCw,
food,aDPLbnYuRKWRQI5R8GSPBQ,yU_z2d0TnLBBFEEYMYhKJA,"Rich, Chocolate Molten Lava Cake"
food,532pFMWYrWTWcdZHfs2iaQ,hZagc0om4Q1wKXRy06Gmlw,
food,CZWcX7-1KJh8tG7q3bGfNg,NMQb_TvWEOGkaZDrNC03wA,Spicy fish
inside,XNhbqCl1sCALSDZOZMFlZw,6NDdfWunMCPWOnOxev2Nrw,
inside,RMxW6TUmhp0lCBf1mfmb6g,mQ99sdpy18CrVuUyB91scA,Intérieur
food,_sfwz8u0LcD4QTQj80LBng,l8VmpBM-uuAn3kEcjzIv2w,
inside,-Bl_eHNb8oBBf9WrPJXZpQ,uejutOD4_-IUaY5cKkpezg,The wine bar!
drink,EUC5RQszH7r41h7eBNIyfg,pHDLRIG2Xu1_1mkGAbyEmw,spinach and artichoke dip
outside,C8DyYQsDKNl4vBWWMOuaYg,lTXFSaZC8tkZujYxRG-Dcg,Outside
food,esO-PQRQC4k6wRDfdgs9GQ,eoHdUeQDNgQ6WYEnP2aiRw,Fried Oreo icecream
food,Y9A8zaUoWORKZAdjXJ9byw,CYWRPE-1IHPBb-zfFO6KRg,croquette
inside,4NMs9yiMeQDKIpnDHCKo7A,AT_xDv2Lm5K7VtER1fp-SA,
food,y_410NWPrwTtvKgwS5TlkQ,EjKhQFTQI7AYVfX2Uxcomw,Pikilia
inside,xKxYFL0fTgO30IuyHp-HrA,fzRxHv7XnnDqTmX25tVbJg,Big turn out
food,GnKF-1EgUY4z9ZMmL6yyqQ,Bpi7titszFYy7--vftq6Yg,
food,99WwFFneIJrMgfQJBIx35g,Oxz7xIKw2iJhxU-V_jpX7A,
food,InEyQvPVzt5xnI5824ImwQ,CoyeXg8FBsS_d20QzNIy-A,
food,n4JtzakYiXnroOeix-gSZA,aqONNC5onqX6EqHHUO1CJA,
food,e-RtibCX5hh4GkxjxTh49g,rcaPajgKOJC2vo_l3xa42A,
inside,g3IfaiyBnvqRybsigfRoEw,IUTU_8qM7M8j9A1TbmMjYA,Wine corner.
food,tz2GtcSx4oIO5T57J3rV0Q,UJ6X84uqTpMDWyc9aHYMpA,$10 Classic Burgers every Thursday-All day
food,yHLIIz_dY2vBTEQswUK1oQ,GlGHp9G9vx0Bg9xZlGexlQ,Breakfast casadilla with chipotle sauce
food,LQGSbHPoAF55jf5fy_3ifQ,XcOy_IMkPO9jGBox6mHT8w,Enchiladas
food,jxLNie6pJI8L1krLFLBJ_w,xF7jYxQouhX3OWNR8QRDkw,"Fish tacos served with rice. One breaded with chipotle sauce, the other unbreaded with guacamole."
food,mcSv2ttZAskxqc3HRCuA8w,_ONkRPvpIYdCuj9u6cIPeA,
food,VP1PgHA4V_UkQBHj48o7kg,Y1jrsVAWK1bFC_s1CJmICw,
inside,kBuZdZ2M5uKHYB-We4XPyQ,R4jhm7FFQw0i1GpO4JvS5g,
inside,_PItsHUri70WakTow19rSw,-OhQws_Si3YOYDfm6DilxA,
inside,AUdCIYqPDYzmer0WyMYJHg,L6-rMdUvJXGUzrNdhiNT6A,Inside the restaurant
inside,YZBqD-CbzXHBBMSPjvjU6w,ybHlmdUHLPKfv85bRK4Wtw,
food,fxjl9oMYaDZiSYbIoXuL6g,Rs1P2TXhuieeVQCsmInh8A,Beef Barbacoa Torta Ð Limited Time Only
food,l0jPz_5J3g2_zIP9zfP5Gg,Ev142kLmV_ASI9iAl-KfKA,"Sausage Mushroom Melt- A taste treat that will melt your heart!  A double portion of Italian sausage & mushrooms, topped with..."
inside,rCLTZ8Z3ltxrT6YRJVhkiQ,atLCqV8RGezSxgLzcM9HaQ,
inside,IDZjBvbcOSc6BuwWIBQ1Ig,Mpu8IzCGs805YBiwQ9IgFA,
food,Ql9fOdjtdso0wNOfLUpKLQ,_NEwKnIf1NQPc7KeYdj36A,
inside,s2fmmrveCinmviNYmBwtyw,FkJjpKjxTU0xuF4PIKyJVw,Lac Vien
food,PMz7p_GHfeFm_7qVw6nvig,UbL2j7VYnz8deaPUx4_Ljg,
drink,0D55PBkx0L2naI-VJy00VA,313pOZvjvoi6QI5oXgtRHA,Treat your orange juice to bottomless champagne!!
inside,mlLXcaGcLT4N-OtW5bFx_w,i7NqPkLgLEBApeoBsPNvyA,View of the dining area as I entered the restaurant
